link,text
http://toyota-axsel.com,"<a style=""cursor: pointer;"" onClick='$(""#nmb200"").css(""display"", ""block"");'>http://toyota-axsel.com</a><div style=""display: none; border: solid 1px black;"" id=""nmb200"">ћодельный р€дќткройте дл€ себ€ модельный р€д Toyota—пециальные предложени€Corollaќт 948 000р.[<span style=""color: red;"">price</span>]ќт {value} в мес€ц [/<span style=""color: red;"">price</span>][disclaimer {""tag"":""span""}][/disclaimer]Camryќт 1 399 000р.[<span style=""color: red;"">price</span>]ќт {value} в мес€ц [/<span style=""color: red;"">price</span>][disclaimer {""tag"":""span""}][/disclaimer]RAV4ќт 1 399 000р.[<span style=""color: red;"">price</span>]ќт {value} в мес€ц [/<span style=""color: red;"">price</span>][disclaimer {""tag"":""span""}][/disclaimer]Ќовый Highlanderќт 3 635 000р.[<span style=""color: red;"">price</span>]ќт {value} в мес€ц [/<span style=""color: red;"">price</span>][disclaimer {""tag"":""span""}][/disclaimer]Land Cruiser Pradoќт 1 997 000р.[<span style=""color: red;"">price</span>]ќт {value} в мес€ц [/<span style=""color: red;"">price</span>][disclaimer {""tag"":""span""}][/disclaimer]Land Cruiser 200ќт 3 992 000р.[<span style=""color: red;"">price</span>]ќт {value} в мес€ц [/<span style=""color: red;"">price</span>][disclaimer {""tag"":""span""}][/disclaimer]Hiluxќт 2 018 000р.[<span style=""color: red;"">price</span>]ќт {value} в мес€ц [/<span style=""color: red;"">price</span>][disclaimer {""tag"":""span""}][/disclaimer]Alphardќт 3 578 000р.[<span style=""color: red;"">price</span>]ќт {value} в мес€ц [/<span style=""color: red;"">price</span>][disclaimer {""tag"":""span""}][/disclaimer]Ќовый Priusќт 2 112 000р.[<span style=""color: red;"">price</span>]ќт {value} в мес€ц [/<span style=""color: red;"">price</span>][disclaimer {""tag"":""span""}][/disclaimer]√ибридHiaceќт 2 387 000р.ѕоиск автомобилей с пробегом—истема экстренного реагировани€ онкурс детского рисунка</div><br/>"
http://toyota-axsel.com,"<a style=""cursor: pointer;"" onClick='$(""#nmb207"").css(""display"", ""block"");'>http://toyota-axsel.com</a><div style=""display: none; border: solid 1px black;"" id=""nmb207"">Land Cruiser Pradoќт 1 997 000р.[<span style=""color: red;"">price</span>]ќт {value} в мес€ц [/<span style=""color: red;"">price</span>][disclaimer {""tag"":""span""}][/disclaimer]</div><br/>"
http://toyota-axsel.com,"<a style=""cursor: pointer;"" onClick='$(""#nmb206"").css(""display"", ""block"");'>http://toyota-axsel.com</a><div style=""display: none; border: solid 1px black;"" id=""nmb206"">Ќовый Highlanderќт 3 635 000р.[<span style=""color: red;"">price</span>]ќт {value} в мес€ц [/<span style=""color: red;"">price</span>][disclaimer {""tag"":""span""}][/disclaimer]</div><br/>"
http://toyota-axsel.com,"<a style=""cursor: pointer;"" onClick='$(""#nmb204"").css(""display"", ""block"");'>http://toyota-axsel.com</a><div style=""display: none; border: solid 1px black;"" id=""nmb204"">Camryќт 1 399 000р.[<span style=""color: red;"">price</span>]ќт {value} в мес€ц [/<span style=""color: red;"">price</span>][disclaimer {""tag"":""span""}][/disclaimer]</div><br/>"
http://toyota-axsel.com,"<a style=""cursor: pointer;"" onClick='$(""#nmb5"").css(""display"", ""block"");'>http://toyota-axsel.com</a><div style=""display: none; border: solid 1px black;"" id=""nmb5"">ћенюћеню—качать брошюруѕозвонить+7(8182) 42-00-00—пециальные предложени€Corollaќт 948 000р.[<span style=""color: red;"">price</span>]ќт {value} в мес€ц [/<span style=""color: red;"">price</span>][disclaimer {""expansionClass"":""expansion-nav-primary-content medium-grey""}][/disclaimer]Camryќт 1 399 000р.[<span style=""color: red;"">price</span>]ќт {value} в мес€ц [/<span style=""color: red;"">price</span>][disclaimer {""expansionClass"":""expansion-nav-primary-content medium-grey""}][/disclaimer]RAV4ќт 1 399 000р.[<span style=""color: red;"">price</span>]ќт {value} в мес€ц [/<span style=""color: red;"">price</span>][disclaimer {""expansionClass"":""expansion-nav-primary-content medium-grey""}][/disclaimer]Ќовый Highlanderќт 3 635 000р.[<span style=""color: red;"">price</span>]ќт {value} в мес€ц [/<span style=""color: red;"">price</span>][disclaimer {""expansionClass"":""expansion-nav-primary-content medium-grey""}][/disclaimer]Land Cruiser Pradoќт 1 997 000р.[<span style=""color: red;"">price</span>]ќт {value} в мес€ц [/<span style=""color: red;"">price</span>][disclaimer {""expansionClass"":""expansion-nav-primary-content medium-grey""}][/disclaimer]Land Cruiser 200ќт 3 992 000р.[<span style=""color: red;"">price</span>]ќт {value} в мес€ц [/<span style=""color: red;"">price</span>][disclaimer {""expansionClass"":""expansion-nav-primary-content medium-grey""}][/disclaimer]Hiluxќт 2 018 000р.[<span style=""color: red;"">price</span>]ќт {value} в мес€ц [/<span style=""color: red;"">price</span>][disclaimer {""expansionClass"":""expansion-nav-primary-content medium-grey""}][/disclaimer]Alphardќт 3 578 000р.[<span style=""color: red;"">price</span>]ќт {value} в мес€ц [/<span style=""color: red;"">price</span>][disclaimer {""expansionClass"":""expansion-nav-primary-content medium-grey""}][/disclaimer]Ќовый Priusќт 2 112 000р.[<span style=""color: red;"">price</span>]ќт {value} в мес€ц [/<span style=""color: red;"">price</span>][disclaimer {""expansionClass"":""expansion-nav-primary-content medium-grey""}][/disclaimer]√ибридHiaceќт 2 387 000р.ѕоиск автомобилей с пробегом—истема экстренного реагировани€ онкурс детского рисункаѕосмотреть все специальные предложени€«апись на тест-драйвј ÷»» ќ“ƒ≈Ћј ѕ–ќƒј∆ј ÷»» —≈–¬»—јЌќ¬џ≈ ј¬“ќћќЅ»Ћ» ¬ ЌјЋ»„»»јвтомобили с пробегом«апишитесь на тест-драйв—лужба клиентской поддержки«апись на “ќ и ремонт«аказ запасных частейToyota в социальных сет€х—качать брошюру упить ToyotaЌовые автомобилијвтомобили с пробегом орпоративные продажи—пециальные предложени€ редитование и страхованиејвтокредитование редитный калькул€тор«а€вление на кредит—траховой калькул€торќ программе “ойота —трахование—ервис и аксессуары”слуги сервиса Toyota«аписатьс€ на “ќ«апасные части√аранти€—пециальные предложени€—ервисные кампаниијксессуарыќ компанииѕартнеры–еквизиты онтактыќбратна€ св€зь¬акансииЌаша командаЌовости и событи€—ервис и «апасные части«апасные части”слуги орпоративные продажи редитƒисконтна€ программа”слуги эвакуатораЋизинг—езонное хранение шин—трахование“акси дл€ клиентов«апись на тест-драйвTrade-inјксессуары редитћодельный р€д упить ToyotaЌовые автомобили орпоративные продажи—пециальные предложени€јвтомобили с пробегомѕоиск автомобилей с пробегомToyota Trade-inќцените ваш автомобиль«апишитесь на экспресс осмотрToyota TestedЅиблиотека моделей редитование и страхованиејвтокредитование редитный калькул€торќбмен кредитных автомобилей—траховой калькул€торќ программе “ойота —трахование—ервис и аксессуары√аранти€”слуги сервиса Toyota—пециальные предложени€«апасные частијксессуары""Ќедел€ ¬ашей мечты"" в “ойота ÷ентр јрхангельск—кидки на автомобили 2012 годаѕремьера сезона Ц Toyota Venza!¬есенний сервис “ойота! ƒаем старт весне!own_edit_content—ервис и аксессуары лиентска€ служба«апись на “ќ—пециальные —ервисные  ампании“ехническое обслуживание—пециальные предложени€—кидки на обслуживание—ервис -25%—тоимость “ќ√арантийный ремонтƒействие гарантииќграничение гарантийных об€зательств”слови€ гарантииЎинный отель “ойота¬есенний сервис “ойота—пециальные —ервисные  ампанииToyotaToyotaToyotaToyotaToyotaTrade-in в “÷ јрхангельскDocument MovedToyotaToyotaToyota объ€вл€ет ЂЌеделю ¬ашей мечты!їќ компанииќ компании Toyotaќ компании ""јксель-Ќорд""–уковод€щие принципы Toyota‘илософи€ Toyotaѕолитика социальной ответствености¬клад в устойчивое развитие онтакты онтакты јксель-Ќордќбратна€ св€зь¬акансииЌаша командаЌовости и событи€Ќовости јксель-Ќорд„итайте новости Toyota !Ётап ѕервенства –оссии по лыжным гонкамќбновленный Toyota RAV4 в продаже с 1 июн€ в јксель-Ќорде!ќдин из Ћучших дилеров Toyota в –оссии по результатам продаж.ќќќ Ђјксель-Ќордї поздравил двухтыс€чного клиента!ѕрезентаци€ Toyota Camry нового поколени€–оссийска€ Toyota Camry теперь и с 2,0-литровым двигателемToyota представила новую базовую версию кроссовера HighlanderTOYOTA RAV 4. —пециальное предложение на автомобили 2011 г.¬ыездной тест-драйв 12 июн€¬ыездной тест-драйв в ћирный¬ Ђј —≈Ћ№-Ќќ–ƒї стартовали продажи обновлЄнного Land Cruiser 200Ќовости ToyotaBMW и Toyota начинают работать над новым поколением батарейBMW поможет Toyota построить новый спорт-карЅританские журналисты на Toyota Avensis проехали 1,5 тыс€чи км на одном баке топлива√лавный инженер проекта Toyota GT 86 подтвердил выход родстераЌа российский рынок выходит минивэн Toyota AlphardЌа заводе FHI стартовала сборка спорт-каров Subaru BRZ и Toyota 86Ќачало продаж нового поколени€ Toyota Avensisќќќ Ђ“ойота ћоторї объ€вл€ет о вступлении в должность нового президента компанииЌачало продаж обновленной Toyota Camryќткрытие дилерского центра Toyota в  раснодаре.Ћето 2009 года в –оссии началось с Ђ«еленого мес€ца “ойотаїѕрограмма на автомобили “ойота јвенсис: специальна€ цена или кредит по ставке 6,5% годовых в рубл€х*Ќовое поколение Toyota Auris представ€т осенью в ѕариже. “еперь он будет ещЄ и гибриднымЌью-…орк 2012. Toyota представила новое поколени€ американского флагмана Avalonѕроизводство Toyota достигло отметки в 200 млн автомобилей–оссийска€ Toyota Camry теперь и с 2,0-литровым двигателем—амым продаваемым автомобилем в мире стал седан Toyota CorollaToyota 86 в тюнинге от WaldToyota будет продавать в японии недорогой двухместный электрокарToyota готовит к показу обновленную версию VenzaToyota GT 86 в ≈вропе будет на 10 тыс€ч евро дороже, чем в японииToyota Highlander и Toyota Land Cruiser Prado стали обладател€ми премии Ђ¬недорожник года 2011їToyota хочет продать в 2012 году более 9 млн машинToyota ищет возможность увеличить производство гибрида Aqua (Prius C)Toyota не будет разрабатывать дешевые моделиToyota обнародовала новые фото гибрида дл€ ∆еневыToyota обновила кроссовер VenzaToyota объ€вила российские цены на обновленный Land CruiserToyota представила новую базовую версию кроссовера HighlanderToyota представит новые полногибридные автомобили на ∆еневском автосалоне 2012Toyota Prius C обгон€ет по продажам Chevrolet Volt и Nissan LeafToyota разработала концепт игрушечного автомобил€Toyota разработала раллийный Yaris R1AToyota установила на седан Avalon гибридный приводToyota выпустила рестайлинговую версию универсала Avensis дл€ рынка японииToyota вложит в российский завод 2,7 млрд рублей¬интажна€ Toyota Tundra будет продана с аукциона¬ этом году Toyota значительно увеличит производство в –оссии¬ –оссии стартовали продажи обновленного Land Cruiser 200∆енева 2012. Toyota FT-Bh Ч необычный гибрид с расходом 2,1 л на 100 кмѕремьера сезона Ц Toyota Venza!Toyota Camry и Toyota Land Cruiser Prado признаны лучшими автомобил€ми 2012 года по версии –унетаToyota Camry. “ри повода осуществить мечту!Toyota RAV4 вновь получает звание бестселлера в своем сегменте“ойота ÷ентр јрхангельск и мэри€ јрхангельска с заботой о дет€х!“ойота ÷ентр јрхангельск объ€вл€ет о начале приема заказов на инновационный городской кроссовер Toyota Venza.ѕартнеры–еквизиты–еквизиты јксель-Ќорд”слугиFord Focus (2011) 1.6 MTFord Fusion (2006) 1.6 MTLexus RX 270 (2011) 2.7 ATMazda 3 (2008) 1.6 ATMitsubishi Colt (2007) 1.3 ATNissan X-Trail (2008) 2.5 ATOpel Astra H (2011) 1.6 MTSkoda Fabia (2010) 1.4 MTToyota Auris (2007) 1.6 ATToyota Land Cruiser 120 (Prado)Toyota LC Prado 150 (2011) 4.0 ATToyota Yaris (2006) 1.3 AT орпоративные продажи редитƒисконтна€ программаЋизинг—езонное хранение шинToyota Camry в  редит от 8,9%TOYOTA RAV 4. —пециальное предложение на автомобили 2011 г.—трахование«апись на тест-драйвTrade-in—лужба клиентский поддержкиѕодписка на новости редит—пециальные предложени€ по кузовному ремонту узовной ремонт«апчасти со скидкойЋетн€€ жара! Ѕезумные скидки!“ри повода осуществить мечту!Corolla - скидка 40 000 рублей на все комплектациијкци€! ќкраска элемента от 7 000 рублей!ќнлайн-сервисы«аписатьс€ на тест-драйвќцените ¬аш автомобиль«а€вка на кредит«аписатьс€ на “ќѕоделитьс€</div><br/>"
http://toyota-axsel.com,"<a style=""cursor: pointer;"" onClick='$(""#nmb9"").css(""display"", ""block"");'>http://toyota-axsel.com</a><div style=""display: none; border: solid 1px black;"" id=""nmb9"">—пециальные предложени€Corollaќт 948 000р.[<span style=""color: red;"">price</span>]ќт {value} в мес€ц [/<span style=""color: red;"">price</span>][disclaimer {""expansionClass"":""expansion-nav-primary-content medium-grey""}][/disclaimer]Camryќт 1 399 000р.[<span style=""color: red;"">price</span>]ќт {value} в мес€ц [/<span style=""color: red;"">price</span>][disclaimer {""expansionClass"":""expansion-nav-primary-content medium-grey""}][/disclaimer]RAV4ќт 1 399 000р.[<span style=""color: red;"">price</span>]ќт {value} в мес€ц [/<span style=""color: red;"">price</span>][disclaimer {""expansionClass"":""expansion-nav-primary-content medium-grey""}][/disclaimer]Ќовый Highlanderќт 3 635 000р.[<span style=""color: red;"">price</span>]ќт {value} в мес€ц [/<span style=""color: red;"">price</span>][disclaimer {""expansionClass"":""expansion-nav-primary-content medium-grey""}][/disclaimer]Land Cruiser Pradoќт 1 997 000р.[<span style=""color: red;"">price</span>]ќт {value} в мес€ц [/<span style=""color: red;"">price</span>][disclaimer {""expansionClass"":""expansion-nav-primary-content medium-grey""}][/disclaimer]Land Cruiser 200ќт 3 992 000р.[<span style=""color: red;"">price</span>]ќт {value} в мес€ц [/<span style=""color: red;"">price</span>][disclaimer {""expansionClass"":""expansion-nav-primary-content medium-grey""}][/disclaimer]Hiluxќт 2 018 000р.[<span style=""color: red;"">price</span>]ќт {value} в мес€ц [/<span style=""color: red;"">price</span>][disclaimer {""expansionClass"":""expansion-nav-primary-content medium-grey""}][/disclaimer]Alphardќт 3 578 000р.[<span style=""color: red;"">price</span>]ќт {value} в мес€ц [/<span style=""color: red;"">price</span>][disclaimer {""expansionClass"":""expansion-nav-primary-content medium-grey""}][/disclaimer]Ќовый Priusќт 2 112 000р.[<span style=""color: red;"">price</span>]ќт {value} в мес€ц [/<span style=""color: red;"">price</span>][disclaimer {""expansionClass"":""expansion-nav-primary-content medium-grey""}][/disclaimer]√ибридHiaceќт 2 387 000р.ѕоиск автомобилей с пробегом—истема экстренного реагировани€ онкурс детского рисункаѕосмотреть все специальные предложени€«апись на тест-драйвј ÷»» ќ“ƒ≈Ћј ѕ–ќƒј∆ј ÷»» —≈–¬»—јЌќ¬џ≈ ј¬“ќћќЅ»Ћ» ¬ ЌјЋ»„»»јвтомобили с пробегом«апишитесь на тест-драйв—лужба клиентской поддержки«апись на “ќ и ремонт«аказ запасных частейToyota в социальных сет€х—качать брошюру упить ToyotaЌовые автомобилијвтомобили с пробегом орпоративные продажи—пециальные предложени€ редитование и страхованиејвтокредитование редитный калькул€тор«а€вление на кредит—траховой калькул€торќ программе “ойота —трахование—ервис и аксессуары”слуги сервиса Toyota«аписатьс€ на “ќ«апасные части√аранти€—пециальные предложени€—ервисные кампаниијксессуарыќ компанииѕартнеры–еквизиты онтактыќбратна€ св€зь¬акансииЌаша командаЌовости и событи€—ервис и «апасные части«апасные части”слуги орпоративные продажи редитƒисконтна€ программа”слуги эвакуатораЋизинг—езонное хранение шин—трахование“акси дл€ клиентов«апись на тест-драйвTrade-inјксессуары редитћодельный р€д упить ToyotaЌовые автомобили орпоративные продажи—пециальные предложени€јвтомобили с пробегомѕоиск автомобилей с пробегомToyota Trade-inќцените ваш автомобиль«апишитесь на экспресс осмотрToyota TestedЅиблиотека моделей редитование и страхованиејвтокредитование редитный калькул€торќбмен кредитных автомобилей—траховой калькул€торќ программе “ойота —трахование—ервис и аксессуары√аранти€”слуги сервиса Toyota—пециальные предложени€«апасные частијксессуары""Ќедел€ ¬ашей мечты"" в “ойота ÷ентр јрхангельск—кидки на автомобили 2012 годаѕремьера сезона Ц Toyota Venza!¬есенний сервис “ойота! ƒаем старт весне!own_edit_content—ервис и аксессуары лиентска€ служба«апись на “ќ—пециальные —ервисные  ампании“ехническое обслуживание—пециальные предложени€—кидки на обслуживание—ервис -25%—тоимость “ќ√арантийный ремонтƒействие гарантииќграничение гарантийных об€зательств”слови€ гарантииЎинный отель “ойота¬есенний сервис “ойота—пециальные —ервисные  ампанииToyotaToyotaToyotaToyotaToyotaTrade-in в “÷ јрхангельскDocument MovedToyotaToyotaToyota объ€вл€ет ЂЌеделю ¬ашей мечты!їќ компанииќ компании Toyotaќ компании ""јксель-Ќорд""–уковод€щие принципы Toyota‘илософи€ Toyotaѕолитика социальной ответствености¬клад в устойчивое развитие онтакты онтакты јксель-Ќордќбратна€ св€зь¬акансииЌаша командаЌовости и событи€Ќовости јксель-Ќорд„итайте новости Toyota !Ётап ѕервенства –оссии по лыжным гонкамќбновленный Toyota RAV4 в продаже с 1 июн€ в јксель-Ќорде!ќдин из Ћучших дилеров Toyota в –оссии по результатам продаж.ќќќ Ђјксель-Ќордї поздравил двухтыс€чного клиента!ѕрезентаци€ Toyota Camry нового поколени€–оссийска€ Toyota Camry теперь и с 2,0-литровым двигателемToyota представила новую базовую версию кроссовера HighlanderTOYOTA RAV 4. —пециальное предложение на автомобили 2011 г.¬ыездной тест-драйв 12 июн€¬ыездной тест-драйв в ћирный¬ Ђј —≈Ћ№-Ќќ–ƒї стартовали продажи обновлЄнного Land Cruiser 200Ќовости ToyotaBMW и Toyota начинают работать над новым поколением батарейBMW поможет Toyota построить новый спорт-карЅританские журналисты на Toyota Avensis проехали 1,5 тыс€чи км на одном баке топлива√лавный инженер проекта Toyota GT 86 подтвердил выход родстераЌа российский рынок выходит минивэн Toyota AlphardЌа заводе FHI стартовала сборка спорт-каров Subaru BRZ и Toyota 86Ќачало продаж нового поколени€ Toyota Avensisќќќ Ђ“ойота ћоторї объ€вл€ет о вступлении в должность нового президента компанииЌачало продаж обновленной Toyota Camryќткрытие дилерского центра Toyota в  раснодаре.Ћето 2009 года в –оссии началось с Ђ«еленого мес€ца “ойотаїѕрограмма на автомобили “ойота јвенсис: специальна€ цена или кредит по ставке 6,5% годовых в рубл€х*Ќовое поколение Toyota Auris представ€т осенью в ѕариже. “еперь он будет ещЄ и гибриднымЌью-…орк 2012. Toyota представила новое поколени€ американского флагмана Avalonѕроизводство Toyota достигло отметки в 200 млн автомобилей–оссийска€ Toyota Camry теперь и с 2,0-литровым двигателем—амым продаваемым автомобилем в мире стал седан Toyota CorollaToyota 86 в тюнинге от WaldToyota будет продавать в японии недорогой двухместный электрокарToyota готовит к показу обновленную версию VenzaToyota GT 86 в ≈вропе будет на 10 тыс€ч евро дороже, чем в японииToyota Highlander и Toyota Land Cruiser Prado стали обладател€ми премии Ђ¬недорожник года 2011їToyota хочет продать в 2012 году более 9 млн машинToyota ищет возможность увеличить производство гибрида Aqua (Prius C)Toyota не будет разрабатывать дешевые моделиToyota обнародовала новые фото гибрида дл€ ∆еневыToyota обновила кроссовер VenzaToyota объ€вила российские цены на обновленный Land CruiserToyota представила новую базовую версию кроссовера HighlanderToyota представит новые полногибридные автомобили на ∆еневском автосалоне 2012Toyota Prius C обгон€ет по продажам Chevrolet Volt и Nissan LeafToyota разработала концепт игрушечного автомобил€Toyota разработала раллийный Yaris R1AToyota установила на седан Avalon гибридный приводToyota выпустила рестайлинговую версию универсала Avensis дл€ рынка японииToyota вложит в российский завод 2,7 млрд рублей¬интажна€ Toyota Tundra будет продана с аукциона¬ этом году Toyota значительно увеличит производство в –оссии¬ –оссии стартовали продажи обновленного Land Cruiser 200∆енева 2012. Toyota FT-Bh Ч необычный гибрид с расходом 2,1 л на 100 кмѕремьера сезона Ц Toyota Venza!Toyota Camry и Toyota Land Cruiser Prado признаны лучшими автомобил€ми 2012 года по версии –унетаToyota Camry. “ри повода осуществить мечту!Toyota RAV4 вновь получает звание бестселлера в своем сегменте“ойота ÷ентр јрхангельск и мэри€ јрхангельска с заботой о дет€х!“ойота ÷ентр јрхангельск объ€вл€ет о начале приема заказов на инновационный городской кроссовер Toyota Venza.ѕартнеры–еквизиты–еквизиты јксель-Ќорд”слугиFord Focus (2011) 1.6 MTFord Fusion (2006) 1.6 MTLexus RX 270 (2011) 2.7 ATMazda 3 (2008) 1.6 ATMitsubishi Colt (2007) 1.3 ATNissan X-Trail (2008) 2.5 ATOpel Astra H (2011) 1.6 MTSkoda Fabia (2010) 1.4 MTToyota Auris (2007) 1.6 ATToyota Land Cruiser 120 (Prado)Toyota LC Prado 150 (2011) 4.0 ATToyota Yaris (2006) 1.3 AT орпоративные продажи редитƒисконтна€ программаЋизинг—езонное хранение шинToyota Camry в  редит от 8,9%TOYOTA RAV 4. —пециальное предложение на автомобили 2011 г.—трахование«апись на тест-драйвTrade-in—лужба клиентский поддержкиѕодписка на новости редит—пециальные предложени€ по кузовному ремонту узовной ремонт«апчасти со скидкойЋетн€€ жара! Ѕезумные скидки!“ри повода осуществить мечту!Corolla - скидка 40 000 рублей на все комплектациијкци€! ќкраска элемента от 7 000 рублей!ќнлайн-сервисы«аписатьс€ на тест-драйвќцените ¬аш автомобиль«а€вка на кредит«аписатьс€ на “ќѕоделитьс€</div><br/>"
http://toyota-axsel.com,"<a style=""cursor: pointer;"" onClick='$(""#nmb12"").css(""display"", ""block"");'>http://toyota-axsel.com</a><div style=""display: none; border: solid 1px black;"" id=""nmb12"">—пециальные предложени€Corollaќт 948 000р.[<span style=""color: red;"">price</span>]ќт {value} в мес€ц [/<span style=""color: red;"">price</span>][disclaimer {""expansionClass"":""expansion-nav-primary-content medium-grey""}][/disclaimer]Camryќт 1 399 000р.[<span style=""color: red;"">price</span>]ќт {value} в мес€ц [/<span style=""color: red;"">price</span>][disclaimer {""expansionClass"":""expansion-nav-primary-content medium-grey""}][/disclaimer]RAV4ќт 1 399 000р.[<span style=""color: red;"">price</span>]ќт {value} в мес€ц [/<span style=""color: red;"">price</span>][disclaimer {""expansionClass"":""expansion-nav-primary-content medium-grey""}][/disclaimer]Ќовый Highlanderќт 3 635 000р.[<span style=""color: red;"">price</span>]ќт {value} в мес€ц [/<span style=""color: red;"">price</span>][disclaimer {""expansionClass"":""expansion-nav-primary-content medium-grey""}][/disclaimer]Land Cruiser Pradoќт 1 997 000р.[<span style=""color: red;"">price</span>]ќт {value} в мес€ц [/<span style=""color: red;"">price</span>][disclaimer {""expansionClass"":""expansion-nav-primary-content medium-grey""}][/disclaimer]Land Cruiser 200ќт 3 992 000р.[<span style=""color: red;"">price</span>]ќт {value} в мес€ц [/<span style=""color: red;"">price</span>][disclaimer {""expansionClass"":""expansion-nav-primary-content medium-grey""}][/disclaimer]Hiluxќт 2 018 000р.[<span style=""color: red;"">price</span>]ќт {value} в мес€ц [/<span style=""color: red;"">price</span>][disclaimer {""expansionClass"":""expansion-nav-primary-content medium-grey""}][/disclaimer]Alphardќт 3 578 000р.[<span style=""color: red;"">price</span>]ќт {value} в мес€ц [/<span style=""color: red;"">price</span>][disclaimer {""expansionClass"":""expansion-nav-primary-content medium-grey""}][/disclaimer]Ќовый Priusќт 2 112 000р.[<span style=""color: red;"">price</span>]ќт {value} в мес€ц [/<span style=""color: red;"">price</span>][disclaimer {""expansionClass"":""expansion-nav-primary-content medium-grey""}][/disclaimer]√ибридHiaceќт 2 387 000р.ѕоиск автомобилей с пробегом—истема экстренного реагировани€ онкурс детского рисункаѕосмотреть все специальные предложени€</div><br/>"
http://toyota-axsel.com,"<a style=""cursor: pointer;"" onClick='$(""#nmb210"").css(""display"", ""block"");'>http://toyota-axsel.com</a><div style=""display: none; border: solid 1px black;"" id=""nmb210"">Alphardќт 3 578 000р.[<span style=""color: red;"">price</span>]ќт {value} в мес€ц [/<span style=""color: red;"">price</span>][disclaimer {""tag"":""span""}][/disclaimer]</div><br/>"
http://toyota-axsel.com,"<a style=""cursor: pointer;"" onClick='$(""#nmb13"").css(""display"", ""block"");'>http://toyota-axsel.com</a><div style=""display: none; border: solid 1px black;"" id=""nmb13"">—пециальные предложени€Corollaќт 948 000р.[<span style=""color: red;"">price</span>]ќт {value} в мес€ц [/<span style=""color: red;"">price</span>][disclaimer {""expansionClass"":""expansion-nav-primary-content medium-grey""}][/disclaimer]Camryќт 1 399 000р.[<span style=""color: red;"">price</span>]ќт {value} в мес€ц [/<span style=""color: red;"">price</span>][disclaimer {""expansionClass"":""expansion-nav-primary-content medium-grey""}][/disclaimer]RAV4ќт 1 399 000р.[<span style=""color: red;"">price</span>]ќт {value} в мес€ц [/<span style=""color: red;"">price</span>][disclaimer {""expansionClass"":""expansion-nav-primary-content medium-grey""}][/disclaimer]Ќовый Highlanderќт 3 635 000р.[<span style=""color: red;"">price</span>]ќт {value} в мес€ц [/<span style=""color: red;"">price</span>][disclaimer {""expansionClass"":""expansion-nav-primary-content medium-grey""}][/disclaimer]Land Cruiser Pradoќт 1 997 000р.[<span style=""color: red;"">price</span>]ќт {value} в мес€ц [/<span style=""color: red;"">price</span>][disclaimer {""expansionClass"":""expansion-nav-primary-content medium-grey""}][/disclaimer]Land Cruiser 200ќт 3 992 000р.[<span style=""color: red;"">price</span>]ќт {value} в мес€ц [/<span style=""color: red;"">price</span>][disclaimer {""expansionClass"":""expansion-nav-primary-content medium-grey""}][/disclaimer]Hiluxќт 2 018 000р.[<span style=""color: red;"">price</span>]ќт {value} в мес€ц [/<span style=""color: red;"">price</span>][disclaimer {""expansionClass"":""expansion-nav-primary-content medium-grey""}][/disclaimer]Alphardќт 3 578 000р.[<span style=""color: red;"">price</span>]ќт {value} в мес€ц [/<span style=""color: red;"">price</span>][disclaimer {""expansionClass"":""expansion-nav-primary-content medium-grey""}][/disclaimer]Ќовый Priusќт 2 112 000р.[<span style=""color: red;"">price</span>]ќт {value} в мес€ц [/<span style=""color: red;"">price</span>][disclaimer {""expansionClass"":""expansion-nav-primary-content medium-grey""}][/disclaimer]√ибридHiaceќт 2 387 000р.ѕоиск автомобилей с пробегом—истема экстренного реагировани€ онкурс детского рисунка</div><br/>"
http://toyota-axsel.com,"<a style=""cursor: pointer;"" onClick='$(""#nmb211"").css(""display"", ""block"");'>http://toyota-axsel.com</a><div style=""display: none; border: solid 1px black;"" id=""nmb211"">Ќовый Priusќт 2 112 000р.[<span style=""color: red;"">price</span>]ќт {value} в мес€ц [/<span style=""color: red;"">price</span>][disclaimer {""tag"":""span""}][/disclaimer]√ибрид</div><br/>"
http://toyota-axsel.com,"<a style=""cursor: pointer;"" onClick='$(""#nmb205"").css(""display"", ""block"");'>http://toyota-axsel.com</a><div style=""display: none; border: solid 1px black;"" id=""nmb205"">RAV4ќт 1 399 000р.[<span style=""color: red;"">price</span>]ќт {value} в мес€ц [/<span style=""color: red;"">price</span>][disclaimer {""tag"":""span""}][/disclaimer]</div><br/>"
http://toyota-axsel.com,"<a style=""cursor: pointer;"" onClick='$(""#nmb180"").css(""display"", ""block"");'>http://toyota-axsel.com</a><div style=""display: none; border: solid 1px black;"" id=""nmb180"">ћодельный р€дќткройте дл€ себ€ модельный р€д Toyota—пециальные предложени€Corollaќт 948 000р.[<span style=""color: red;"">price</span>]ќт {value} в мес€ц [/<span style=""color: red;"">price</span>][disclaimer {""tag"":""span""}][/disclaimer]Camryќт 1 399 000р.[<span style=""color: red;"">price</span>]ќт {value} в мес€ц [/<span style=""color: red;"">price</span>][disclaimer {""tag"":""span""}][/disclaimer]RAV4ќт 1 399 000р.[<span style=""color: red;"">price</span>]ќт {value} в мес€ц [/<span style=""color: red;"">price</span>][disclaimer {""tag"":""span""}][/disclaimer]Ќовый Highlanderќт 3 635 000р.[<span style=""color: red;"">price</span>]ќт {value} в мес€ц [/<span style=""color: red;"">price</span>][disclaimer {""tag"":""span""}][/disclaimer]Land Cruiser Pradoќт 1 997 000р.[<span style=""color: red;"">price</span>]ќт {value} в мес€ц [/<span style=""color: red;"">price</span>][disclaimer {""tag"":""span""}][/disclaimer]Land Cruiser 200ќт 3 992 000р.[<span style=""color: red;"">price</span>]ќт {value} в мес€ц [/<span style=""color: red;"">price</span>][disclaimer {""tag"":""span""}][/disclaimer]Hiluxќт 2 018 000р.[<span style=""color: red;"">price</span>]ќт {value} в мес€ц [/<span style=""color: red;"">price</span>][disclaimer {""tag"":""span""}][/disclaimer]Alphardќт 3 578 000р.[<span style=""color: red;"">price</span>]ќт {value} в мес€ц [/<span style=""color: red;"">price</span>][disclaimer {""tag"":""span""}][/disclaimer]Ќовый Priusќт 2 112 000р.[<span style=""color: red;"">price</span>]ќт {value} в мес€ц [/<span style=""color: red;"">price</span>][disclaimer {""tag"":""span""}][/disclaimer]√ибридHiaceќт 2 387 000р.ѕоиск автомобилей с пробегом—истема экстренного реагировани€ онкурс детского рисунка—пециальные предложени€—мотреть все—пециальное кредитное предложениеC 22.02.2017 по 31.03.2017—пециальное кредитное предложение со сниженной ставкойC 01.03.2017 по 31.03.2017—пециальные предложени€ на автомобили 2017 года выпускаC 22.02.2017 по 17.03.2017Ќ≈ƒ≈Ћ» —ѕ≈÷»јЋ№Ќџ’ ѕ–≈ƒЋќ∆≈Ќ»…–аспродажа новых автомобилей по старым ценам!30 апрел€ 2015 г.Toyota RAV4 с выгодойдо 100 000 руб.C 10.02.2015 по 28.02.2015√ор€чие предложени€ мес€цаѕоследние новостиЌовости в мире28.02.2017 10 миллионов: гибриды от компании “ойота бьют рекорды попул€рности¬ €нваре 2017 года мировые продажи гибридных автомобилей Toyota и Lexus преодолели знаковый рубеж в 10 миллионов единиц.Ќовости в –оссии28.02.2017 Toyota Highlander вернулс€ в салоны официальных дилеров в топовом оснащенииЌачина€ со 2 феврал€ 2017 года в салонах официальных дилеров “ойота стартуют продажи нового кроссовера Toyota Highlander.¬идео—мотреть все(7)—мотреть все(7)Toyota CamryToyota RAV4Toyota Land Cruiser 200Land Cruiser Prado StyleToyota HighlanderToyota HiluxToyota CorollaToyota CamryToyota RAV4Toyota Land Cruiser 200Land Cruiser Prado StyleToyota HighlanderToyota HiluxToyota Corollaќнлайн-сервисы«аписатьс€ на тест-драйвќцените ¬аш автомобиль«а€вка на кредит«аписатьс€ на “ќѕоделитьс€ћодельный р€д—пециальные предложени€ѕопул€рные страницы упить Toyotaјвтомобили с пробегом редитование и страхование—ервис и аксессуарыќнлайн-сервисы«аписатьс€ на тест-драйвќцените ¬аш автомобиль«а€вка на кредит«аписатьс€ на “ќ арта сайтаЌаверх©—ведени€ о ценах на ѕродукцию Toyota, содержащиес€ на насто€щем —айте,нос€т исключительно информационный характер. ”казанные цены €вл€ютс€ максимальными ценами перепродажи(если иное пр€мо не указано в соответствующем разделе —айта), могут отличатьс€ от действительных цен”полномоченных ƒилеров “ойота и/или ”полномоченных ѕартнеров “ойота.ѕриобретение любой ѕродукции Toyota осуществл€етс€ в соответствии с услови€ми индивидуального договора купли-продажи.ѕредставленна€ на —айте информаци€ о ѕродукции Toyota не означает, что данна€ ѕродукци€ имеетс€ в наличии у”полномоченных ƒилеров “ойота/ ”полномоченных ѕартнеров “ойота дл€ продажи.ƒл€ получени€ информации о наличии автомобилей/ иной ѕродукции Toyota, а также подробных сведений обавтомобил€х/ иной продукции Toyota, реализуемой в ¬ашем регионе, ¬ы можете св€затьс€ с ”полномоченнымƒилером “ойота и/или ”полномоченным ѕартнером “ойота в ¬ашем регионе.</div><br/>"
http://toyota-axsel.com,"<a style=""cursor: pointer;"" onClick='$(""#nmb201"").css(""display"", ""block"");'>http://toyota-axsel.com</a><div style=""display: none; border: solid 1px black;"" id=""nmb201"">—пециальные предложени€Corollaќт 948 000р.[<span style=""color: red;"">price</span>]ќт {value} в мес€ц [/<span style=""color: red;"">price</span>][disclaimer {""tag"":""span""}][/disclaimer]Camryќт 1 399 000р.[<span style=""color: red;"">price</span>]ќт {value} в мес€ц [/<span style=""color: red;"">price</span>][disclaimer {""tag"":""span""}][/disclaimer]RAV4ќт 1 399 000р.[<span style=""color: red;"">price</span>]ќт {value} в мес€ц [/<span style=""color: red;"">price</span>][disclaimer {""tag"":""span""}][/disclaimer]Ќовый Highlanderќт 3 635 000р.[<span style=""color: red;"">price</span>]ќт {value} в мес€ц [/<span style=""color: red;"">price</span>][disclaimer {""tag"":""span""}][/disclaimer]Land Cruiser Pradoќт 1 997 000р.[<span style=""color: red;"">price</span>]ќт {value} в мес€ц [/<span style=""color: red;"">price</span>][disclaimer {""tag"":""span""}][/disclaimer]Land Cruiser 200ќт 3 992 000р.[<span style=""color: red;"">price</span>]ќт {value} в мес€ц [/<span style=""color: red;"">price</span>][disclaimer {""tag"":""span""}][/disclaimer]Hiluxќт 2 018 000р.[<span style=""color: red;"">price</span>]ќт {value} в мес€ц [/<span style=""color: red;"">price</span>][disclaimer {""tag"":""span""}][/disclaimer]Alphardќт 3 578 000р.[<span style=""color: red;"">price</span>]ќт {value} в мес€ц [/<span style=""color: red;"">price</span>][disclaimer {""tag"":""span""}][/disclaimer]Ќовый Priusќт 2 112 000р.[<span style=""color: red;"">price</span>]ќт {value} в мес€ц [/<span style=""color: red;"">price</span>][disclaimer {""tag"":""span""}][/disclaimer]√ибридHiaceќт 2 387 000р.ѕоиск автомобилей с пробегом—истема экстренного реагировани€ онкурс детского рисунка</div><br/>"
http://toyota-axsel.com,"<a style=""cursor: pointer;"" onClick='$(""#nmb11"").css(""display"", ""block"");'>http://toyota-axsel.com</a><div style=""display: none; border: solid 1px black;"" id=""nmb11"">—пециальные предложени€Corollaќт 948 000р.[<span style=""color: red;"">price</span>]ќт {value} в мес€ц [/<span style=""color: red;"">price</span>][disclaimer {""expansionClass"":""expansion-nav-primary-content medium-grey""}][/disclaimer]Camryќт 1 399 000р.[<span style=""color: red;"">price</span>]ќт {value} в мес€ц [/<span style=""color: red;"">price</span>][disclaimer {""expansionClass"":""expansion-nav-primary-content medium-grey""}][/disclaimer]RAV4ќт 1 399 000р.[<span style=""color: red;"">price</span>]ќт {value} в мес€ц [/<span style=""color: red;"">price</span>][disclaimer {""expansionClass"":""expansion-nav-primary-content medium-grey""}][/disclaimer]Ќовый Highlanderќт 3 635 000р.[<span style=""color: red;"">price</span>]ќт {value} в мес€ц [/<span style=""color: red;"">price</span>][disclaimer {""expansionClass"":""expansion-nav-primary-content medium-grey""}][/disclaimer]Land Cruiser Pradoќт 1 997 000р.[<span style=""color: red;"">price</span>]ќт {value} в мес€ц [/<span style=""color: red;"">price</span>][disclaimer {""expansionClass"":""expansion-nav-primary-content medium-grey""}][/disclaimer]Land Cruiser 200ќт 3 992 000р.[<span style=""color: red;"">price</span>]ќт {value} в мес€ц [/<span style=""color: red;"">price</span>][disclaimer {""expansionClass"":""expansion-nav-primary-content medium-grey""}][/disclaimer]Hiluxќт 2 018 000р.[<span style=""color: red;"">price</span>]ќт {value} в мес€ц [/<span style=""color: red;"">price</span>][disclaimer {""expansionClass"":""expansion-nav-primary-content medium-grey""}][/disclaimer]Alphardќт 3 578 000р.[<span style=""color: red;"">price</span>]ќт {value} в мес€ц [/<span style=""color: red;"">price</span>][disclaimer {""expansionClass"":""expansion-nav-primary-content medium-grey""}][/disclaimer]Ќовый Priusќт 2 112 000р.[<span style=""color: red;"">price</span>]ќт {value} в мес€ц [/<span style=""color: red;"">price</span>][disclaimer {""expansionClass"":""expansion-nav-primary-content medium-grey""}][/disclaimer]√ибридHiaceќт 2 387 000р.ѕоиск автомобилей с пробегом—истема экстренного реагировани€ онкурс детского рисункаѕосмотреть все специальные предложени€«апись на тест-драйвј ÷»» ќ“ƒ≈Ћј ѕ–ќƒј∆ј ÷»» —≈–¬»—јЌќ¬џ≈ ј¬“ќћќЅ»Ћ» ¬ ЌјЋ»„»»јвтомобили с пробегом«апишитесь на тест-драйв—лужба клиентской поддержки«апись на “ќ и ремонт«аказ запасных частейToyota в социальных сет€х—качать брошюру упить ToyotaЌовые автомобилијвтомобили с пробегом орпоративные продажи—пециальные предложени€ редитование и страхованиејвтокредитование редитный калькул€тор«а€вление на кредит—траховой калькул€торќ программе “ойота —трахование—ервис и аксессуары”слуги сервиса Toyota«аписатьс€ на “ќ«апасные части√аранти€—пециальные предложени€—ервисные кампаниијксессуарыќ компанииѕартнеры–еквизиты онтактыќбратна€ св€зь¬акансииЌаша командаЌовости и событи€—ервис и «апасные части«апасные части”слуги орпоративные продажи редитƒисконтна€ программа”слуги эвакуатораЋизинг—езонное хранение шин—трахование“акси дл€ клиентов«апись на тест-драйвTrade-inјксессуары редит</div><br/>"
http://toyota-axsel.com,"<a style=""cursor: pointer;"" onClick='$(""#nmb6"").css(""display"", ""block"");'>http://toyota-axsel.com</a><div style=""display: none; border: solid 1px black;"" id=""nmb6"">ћенюћеню—качать брошюруѕозвонить+7(8182) 42-00-00—пециальные предложени€Corollaќт 948 000р.[<span style=""color: red;"">price</span>]ќт {value} в мес€ц [/<span style=""color: red;"">price</span>][disclaimer {""expansionClass"":""expansion-nav-primary-content medium-grey""}][/disclaimer]Camryќт 1 399 000р.[<span style=""color: red;"">price</span>]ќт {value} в мес€ц [/<span style=""color: red;"">price</span>][disclaimer {""expansionClass"":""expansion-nav-primary-content medium-grey""}][/disclaimer]RAV4ќт 1 399 000р.[<span style=""color: red;"">price</span>]ќт {value} в мес€ц [/<span style=""color: red;"">price</span>][disclaimer {""expansionClass"":""expansion-nav-primary-content medium-grey""}][/disclaimer]Ќовый Highlanderќт 3 635 000р.[<span style=""color: red;"">price</span>]ќт {value} в мес€ц [/<span style=""color: red;"">price</span>][disclaimer {""expansionClass"":""expansion-nav-primary-content medium-grey""}][/disclaimer]Land Cruiser Pradoќт 1 997 000р.[<span style=""color: red;"">price</span>]ќт {value} в мес€ц [/<span style=""color: red;"">price</span>][disclaimer {""expansionClass"":""expansion-nav-primary-content medium-grey""}][/disclaimer]Land Cruiser 200ќт 3 992 000р.[<span style=""color: red;"">price</span>]ќт {value} в мес€ц [/<span style=""color: red;"">price</span>][disclaimer {""expansionClass"":""expansion-nav-primary-content medium-grey""}][/disclaimer]Hiluxќт 2 018 000р.[<span style=""color: red;"">price</span>]ќт {value} в мес€ц [/<span style=""color: red;"">price</span>][disclaimer {""expansionClass"":""expansion-nav-primary-content medium-grey""}][/disclaimer]Alphardќт 3 578 000р.[<span style=""color: red;"">price</span>]ќт {value} в мес€ц [/<span style=""color: red;"">price</span>][disclaimer {""expansionClass"":""expansion-nav-primary-content medium-grey""}][/disclaimer]Ќовый Priusќт 2 112 000р.[<span style=""color: red;"">price</span>]ќт {value} в мес€ц [/<span style=""color: red;"">price</span>][disclaimer {""expansionClass"":""expansion-nav-primary-content medium-grey""}][/disclaimer]√ибридHiaceќт 2 387 000р.ѕоиск автомобилей с пробегом—истема экстренного реагировани€ онкурс детского рисункаѕосмотреть все специальные предложени€«апись на тест-драйвј ÷»» ќ“ƒ≈Ћј ѕ–ќƒј∆ј ÷»» —≈–¬»—јЌќ¬џ≈ ј¬“ќћќЅ»Ћ» ¬ ЌјЋ»„»»јвтомобили с пробегом«апишитесь на тест-драйв—лужба клиентской поддержки«апись на “ќ и ремонт«аказ запасных частейToyota в социальных сет€х—качать брошюру упить ToyotaЌовые автомобилијвтомобили с пробегом орпоративные продажи—пециальные предложени€ редитование и страхованиејвтокредитование редитный калькул€тор«а€вление на кредит—траховой калькул€торќ программе “ойота —трахование—ервис и аксессуары”слуги сервиса Toyota«аписатьс€ на “ќ«апасные части√аранти€—пециальные предложени€—ервисные кампаниијксессуарыќ компанииѕартнеры–еквизиты онтактыќбратна€ св€зь¬акансииЌаша командаЌовости и событи€—ервис и «апасные части«апасные части”слуги орпоративные продажи редитƒисконтна€ программа”слуги эвакуатораЋизинг—езонное хранение шин—трахование“акси дл€ клиентов«апись на тест-драйвTrade-inјксессуары редитћодельный р€д упить ToyotaЌовые автомобили орпоративные продажи—пециальные предложени€јвтомобили с пробегомѕоиск автомобилей с пробегомToyota Trade-inќцените ваш автомобиль«апишитесь на экспресс осмотрToyota TestedЅиблиотека моделей редитование и страхованиејвтокредитование редитный калькул€торќбмен кредитных автомобилей—траховой калькул€торќ программе “ойота —трахование—ервис и аксессуары√аранти€”слуги сервиса Toyota—пециальные предложени€«апасные частијксессуары""Ќедел€ ¬ашей мечты"" в “ойота ÷ентр јрхангельск—кидки на автомобили 2012 годаѕремьера сезона Ц Toyota Venza!¬есенний сервис “ойота! ƒаем старт весне!own_edit_content—ервис и аксессуары лиентска€ служба«апись на “ќ—пециальные —ервисные  ампании“ехническое обслуживание—пециальные предложени€—кидки на обслуживание—ервис -25%—тоимость “ќ√арантийный ремонтƒействие гарантииќграничение гарантийных об€зательств”слови€ гарантииЎинный отель “ойота¬есенний сервис “ойота—пециальные —ервисные  ампанииToyotaToyotaToyotaToyotaToyotaTrade-in в “÷ јрхангельскDocument MovedToyotaToyotaToyota объ€вл€ет ЂЌеделю ¬ашей мечты!їќ компанииќ компании Toyotaќ компании ""јксель-Ќорд""–уковод€щие принципы Toyota‘илософи€ Toyotaѕолитика социальной ответствености¬клад в устойчивое развитие онтакты онтакты јксель-Ќордќбратна€ св€зь¬акансииЌаша командаЌовости и событи€Ќовости јксель-Ќорд„итайте новости Toyota !Ётап ѕервенства –оссии по лыжным гонкамќбновленный Toyota RAV4 в продаже с 1 июн€ в јксель-Ќорде!ќдин из Ћучших дилеров Toyota в –оссии по результатам продаж.ќќќ Ђјксель-Ќордї поздравил двухтыс€чного клиента!ѕрезентаци€ Toyota Camry нового поколени€–оссийска€ Toyota Camry теперь и с 2,0-литровым двигателемToyota представила новую базовую версию кроссовера HighlanderTOYOTA RAV 4. —пециальное предложение на автомобили 2011 г.¬ыездной тест-драйв 12 июн€¬ыездной тест-драйв в ћирный¬ Ђј —≈Ћ№-Ќќ–ƒї стартовали продажи обновлЄнного Land Cruiser 200Ќовости ToyotaBMW и Toyota начинают работать над новым поколением батарейBMW поможет Toyota построить новый спорт-карЅританские журналисты на Toyota Avensis проехали 1,5 тыс€чи км на одном баке топлива√лавный инженер проекта Toyota GT 86 подтвердил выход родстераЌа российский рынок выходит минивэн Toyota AlphardЌа заводе FHI стартовала сборка спорт-каров Subaru BRZ и Toyota 86Ќачало продаж нового поколени€ Toyota Avensisќќќ Ђ“ойота ћоторї объ€вл€ет о вступлении в должность нового президента компанииЌачало продаж обновленной Toyota Camryќткрытие дилерского центра Toyota в  раснодаре.Ћето 2009 года в –оссии началось с Ђ«еленого мес€ца “ойотаїѕрограмма на автомобили “ойота јвенсис: специальна€ цена или кредит по ставке 6,5% годовых в рубл€х*Ќовое поколение Toyota Auris представ€т осенью в ѕариже. “еперь он будет ещЄ и гибриднымЌью-…орк 2012. Toyota представила новое поколени€ американского флагмана Avalonѕроизводство Toyota достигло отметки в 200 млн автомобилей–оссийска€ Toyota Camry теперь и с 2,0-литровым двигателем—амым продаваемым автомобилем в мире стал седан Toyota CorollaToyota 86 в тюнинге от WaldToyota будет продавать в японии недорогой двухместный электрокарToyota готовит к показу обновленную версию VenzaToyota GT 86 в ≈вропе будет на 10 тыс€ч евро дороже, чем в японииToyota Highlander и Toyota Land Cruiser Prado стали обладател€ми премии Ђ¬недорожник года 2011їToyota хочет продать в 2012 году более 9 млн машинToyota ищет возможность увеличить производство гибрида Aqua (Prius C)Toyota не будет разрабатывать дешевые моделиToyota обнародовала новые фото гибрида дл€ ∆еневыToyota обновила кроссовер VenzaToyota объ€вила российские цены на обновленный Land CruiserToyota представила новую базовую версию кроссовера HighlanderToyota представит новые полногибридные автомобили на ∆еневском автосалоне 2012Toyota Prius C обгон€ет по продажам Chevrolet Volt и Nissan LeafToyota разработала концепт игрушечного автомобил€Toyota разработала раллийный Yaris R1AToyota установила на седан Avalon гибридный приводToyota выпустила рестайлинговую версию универсала Avensis дл€ рынка японииToyota вложит в российский завод 2,7 млрд рублей¬интажна€ Toyota Tundra будет продана с аукциона¬ этом году Toyota значительно увеличит производство в –оссии¬ –оссии стартовали продажи обновленного Land Cruiser 200∆енева 2012. Toyota FT-Bh Ч необычный гибрид с расходом 2,1 л на 100 кмѕремьера сезона Ц Toyota Venza!Toyota Camry и Toyota Land Cruiser Prado признаны лучшими автомобил€ми 2012 года по версии –унетаToyota Camry. “ри повода осуществить мечту!Toyota RAV4 вновь получает звание бестселлера в своем сегменте“ойота ÷ентр јрхангельск и мэри€ јрхангельска с заботой о дет€х!“ойота ÷ентр јрхангельск объ€вл€ет о начале приема заказов на инновационный городской кроссовер Toyota Venza.ѕартнеры–еквизиты–еквизиты јксель-Ќорд”слугиFord Focus (2011) 1.6 MTFord Fusion (2006) 1.6 MTLexus RX 270 (2011) 2.7 ATMazda 3 (2008) 1.6 ATMitsubishi Colt (2007) 1.3 ATNissan X-Trail (2008) 2.5 ATOpel Astra H (2011) 1.6 MTSkoda Fabia (2010) 1.4 MTToyota Auris (2007) 1.6 ATToyota Land Cruiser 120 (Prado)Toyota LC Prado 150 (2011) 4.0 ATToyota Yaris (2006) 1.3 AT орпоративные продажи редитƒисконтна€ программаЋизинг—езонное хранение шинToyota Camry в  редит от 8,9%TOYOTA RAV 4. —пециальное предложение на автомобили 2011 г.—трахование«апись на тест-драйвTrade-in—лужба клиентский поддержкиѕодписка на новости редит—пециальные предложени€ по кузовному ремонту узовной ремонт«апчасти со скидкойЋетн€€ жара! Ѕезумные скидки!“ри повода осуществить мечту!Corolla - скидка 40 000 рублей на все комплектациијкци€! ќкраска элемента от 7 000 рублей!ќнлайн-сервисы«аписатьс€ на тест-драйвќцените ¬аш автомобиль«а€вка на кредит«аписатьс€ на “ќѕоделитьс€</div><br/>"
http://toyota-axsel.com,"<a style=""cursor: pointer;"" onClick='$(""#nmb208"").css(""display"", ""block"");'>http://toyota-axsel.com</a><div style=""display: none; border: solid 1px black;"" id=""nmb208"">Land Cruiser 200ќт 3 992 000р.[<span style=""color: red;"">price</span>]ќт {value} в мес€ц [/<span style=""color: red;"">price</span>][disclaimer {""tag"":""span""}][/disclaimer]</div><br/>"
http://toyota-axsel.com,"<a style=""cursor: pointer;"" onClick='$(""#nmb198"").css(""display"", ""block"");'>http://toyota-axsel.com</a><div style=""display: none; border: solid 1px black;"" id=""nmb198"">ћодельный р€дќткройте дл€ себ€ модельный р€д Toyota—пециальные предложени€Corollaќт 948 000р.[<span style=""color: red;"">price</span>]ќт {value} в мес€ц [/<span style=""color: red;"">price</span>][disclaimer {""tag"":""span""}][/disclaimer]Camryќт 1 399 000р.[<span style=""color: red;"">price</span>]ќт {value} в мес€ц [/<span style=""color: red;"">price</span>][disclaimer {""tag"":""span""}][/disclaimer]RAV4ќт 1 399 000р.[<span style=""color: red;"">price</span>]ќт {value} в мес€ц [/<span style=""color: red;"">price</span>][disclaimer {""tag"":""span""}][/disclaimer]Ќовый Highlanderќт 3 635 000р.[<span style=""color: red;"">price</span>]ќт {value} в мес€ц [/<span style=""color: red;"">price</span>][disclaimer {""tag"":""span""}][/disclaimer]Land Cruiser Pradoќт 1 997 000р.[<span style=""color: red;"">price</span>]ќт {value} в мес€ц [/<span style=""color: red;"">price</span>][disclaimer {""tag"":""span""}][/disclaimer]Land Cruiser 200ќт 3 992 000р.[<span style=""color: red;"">price</span>]ќт {value} в мес€ц [/<span style=""color: red;"">price</span>][disclaimer {""tag"":""span""}][/disclaimer]Hiluxќт 2 018 000р.[<span style=""color: red;"">price</span>]ќт {value} в мес€ц [/<span style=""color: red;"">price</span>][disclaimer {""tag"":""span""}][/disclaimer]Alphardќт 3 578 000р.[<span style=""color: red;"">price</span>]ќт {value} в мес€ц [/<span style=""color: red;"">price</span>][disclaimer {""tag"":""span""}][/disclaimer]Ќовый Priusќт 2 112 000р.[<span style=""color: red;"">price</span>]ќт {value} в мес€ц [/<span style=""color: red;"">price</span>][disclaimer {""tag"":""span""}][/disclaimer]√ибридHiaceќт 2 387 000р.ѕоиск автомобилей с пробегом—истема экстренного реагировани€ онкурс детского рисунка—пециальные предложени€—мотреть все—пециальное кредитное предложениеC 22.02.2017 по 31.03.2017—пециальное кредитное предложение со сниженной ставкойC 01.03.2017 по 31.03.2017—пециальные предложени€ на автомобили 2017 года выпускаC 22.02.2017 по 17.03.2017Ќ≈ƒ≈Ћ» —ѕ≈÷»јЋ№Ќџ’ ѕ–≈ƒЋќ∆≈Ќ»…–аспродажа новых автомобилей по старым ценам!30 апрел€ 2015 г.Toyota RAV4 с выгодойдо 100 000 руб.C 10.02.2015 по 28.02.2015√ор€чие предложени€ мес€цаѕоследние новостиЌовости в мире28.02.2017 10 миллионов: гибриды от компании “ойота бьют рекорды попул€рности¬ €нваре 2017 года мировые продажи гибридных автомобилей Toyota и Lexus преодолели знаковый рубеж в 10 миллионов единиц.Ќовости в –оссии28.02.2017 Toyota Highlander вернулс€ в салоны официальных дилеров в топовом оснащенииЌачина€ со 2 феврал€ 2017 года в салонах официальных дилеров “ойота стартуют продажи нового кроссовера Toyota Highlander.¬идео—мотреть все(7)—мотреть все(7)Toyota CamryToyota RAV4Toyota Land Cruiser 200Land Cruiser Prado StyleToyota HighlanderToyota HiluxToyota CorollaToyota CamryToyota RAV4Toyota Land Cruiser 200Land Cruiser Prado StyleToyota HighlanderToyota HiluxToyota Corollaќнлайн-сервисы«аписатьс€ на тест-драйвќцените ¬аш автомобиль«а€вка на кредит«аписатьс€ на “ќѕоделитьс€ћодельный р€д—пециальные предложени€ѕопул€рные страницы упить Toyotaјвтомобили с пробегом редитование и страхование—ервис и аксессуарыќнлайн-сервисы«аписатьс€ на тест-драйвќцените ¬аш автомобиль«а€вка на кредит«аписатьс€ на “ќ</div><br/>"
http://toyota-axsel.com,"<a style=""cursor: pointer;"" onClick='$(""#nmb203"").css(""display"", ""block"");'>http://toyota-axsel.com</a><div style=""display: none; border: solid 1px black;"" id=""nmb203"">Corollaќт 948 000р.[<span style=""color: red;"">price</span>]ќт {value} в мес€ц [/<span style=""color: red;"">price</span>][disclaimer {""tag"":""span""}][/disclaimer]</div><br/>"
http://toyota-axsel.com,"<a style=""cursor: pointer;"" onClick='$(""#nmb199"").css(""display"", ""block"");'>http://toyota-axsel.com</a><div style=""display: none; border: solid 1px black;"" id=""nmb199"">ћодельный р€дќткройте дл€ себ€ модельный р€д Toyota—пециальные предложени€Corollaќт 948 000р.[<span style=""color: red;"">price</span>]ќт {value} в мес€ц [/<span style=""color: red;"">price</span>][disclaimer {""tag"":""span""}][/disclaimer]Camryќт 1 399 000р.[<span style=""color: red;"">price</span>]ќт {value} в мес€ц [/<span style=""color: red;"">price</span>][disclaimer {""tag"":""span""}][/disclaimer]RAV4ќт 1 399 000р.[<span style=""color: red;"">price</span>]ќт {value} в мес€ц [/<span style=""color: red;"">price</span>][disclaimer {""tag"":""span""}][/disclaimer]Ќовый Highlanderќт 3 635 000р.[<span style=""color: red;"">price</span>]ќт {value} в мес€ц [/<span style=""color: red;"">price</span>][disclaimer {""tag"":""span""}][/disclaimer]Land Cruiser Pradoќт 1 997 000р.[<span style=""color: red;"">price</span>]ќт {value} в мес€ц [/<span style=""color: red;"">price</span>][disclaimer {""tag"":""span""}][/disclaimer]Land Cruiser 200ќт 3 992 000р.[<span style=""color: red;"">price</span>]ќт {value} в мес€ц [/<span style=""color: red;"">price</span>][disclaimer {""tag"":""span""}][/disclaimer]Hiluxќт 2 018 000р.[<span style=""color: red;"">price</span>]ќт {value} в мес€ц [/<span style=""color: red;"">price</span>][disclaimer {""tag"":""span""}][/disclaimer]Alphardќт 3 578 000р.[<span style=""color: red;"">price</span>]ќт {value} в мес€ц [/<span style=""color: red;"">price</span>][disclaimer {""tag"":""span""}][/disclaimer]Ќовый Priusќт 2 112 000р.[<span style=""color: red;"">price</span>]ќт {value} в мес€ц [/<span style=""color: red;"">price</span>][disclaimer {""tag"":""span""}][/disclaimer]√ибридHiaceќт 2 387 000р.ѕоиск автомобилей с пробегом—истема экстренного реагировани€ онкурс детского рисунка—пециальные предложени€—мотреть все—пециальное кредитное предложениеC 22.02.2017 по 31.03.2017—пециальное кредитное предложение со сниженной ставкойC 01.03.2017 по 31.03.2017—пециальные предложени€ на автомобили 2017 года выпускаC 22.02.2017 по 17.03.2017Ќ≈ƒ≈Ћ» —ѕ≈÷»јЋ№Ќџ’ ѕ–≈ƒЋќ∆≈Ќ»…–аспродажа новых автомобилей по старым ценам!30 апрел€ 2015 г.Toyota RAV4 с выгодойдо 100 000 руб.C 10.02.2015 по 28.02.2015√ор€чие предложени€ мес€цаѕоследние новостиЌовости в мире28.02.2017 10 миллионов: гибриды от компании “ойота бьют рекорды попул€рности¬ €нваре 2017 года мировые продажи гибридных автомобилей Toyota и Lexus преодолели знаковый рубеж в 10 миллионов единиц.Ќовости в –оссии28.02.2017 Toyota Highlander вернулс€ в салоны официальных дилеров в топовом оснащенииЌачина€ со 2 феврал€ 2017 года в салонах официальных дилеров “ойота стартуют продажи нового кроссовера Toyota Highlander.¬идео—мотреть все(7)—мотреть все(7)Toyota CamryToyota RAV4Toyota Land Cruiser 200Land Cruiser Prado StyleToyota HighlanderToyota HiluxToyota CorollaToyota CamryToyota RAV4Toyota Land Cruiser 200Land Cruiser Prado StyleToyota HighlanderToyota HiluxToyota Corollaќнлайн-сервисы«аписатьс€ на тест-драйвќцените ¬аш автомобиль«а€вка на кредит«аписатьс€ на “ќѕоделитьс€</div><br/>"
http://toyota-axsel.com,"<a style=""cursor: pointer;"" onClick='$(""#nmb209"").css(""display"", ""block"");'>http://toyota-axsel.com</a><div style=""display: none; border: solid 1px black;"" id=""nmb209"">Hiluxќт 2 018 000р.[<span style=""color: red;"">price</span>]ќт {value} в мес€ц [/<span style=""color: red;"">price</span>][disclaimer {""tag"":""span""}][/disclaimer]</div><br/>"
http://toyota-axsel.com,"<a style=""cursor: pointer;"" onClick='$(""#nmb10"").css(""display"", ""block"");'>http://toyota-axsel.com</a><div style=""display: none; border: solid 1px black;"" id=""nmb10"">—пециальные предложени€Corollaќт 948 000р.[<span style=""color: red;"">price</span>]ќт {value} в мес€ц [/<span style=""color: red;"">price</span>][disclaimer {""expansionClass"":""expansion-nav-primary-content medium-grey""}][/disclaimer]Camryќт 1 399 000р.[<span style=""color: red;"">price</span>]ќт {value} в мес€ц [/<span style=""color: red;"">price</span>][disclaimer {""expansionClass"":""expansion-nav-primary-content medium-grey""}][/disclaimer]RAV4ќт 1 399 000р.[<span style=""color: red;"">price</span>]ќт {value} в мес€ц [/<span style=""color: red;"">price</span>][disclaimer {""expansionClass"":""expansion-nav-primary-content medium-grey""}][/disclaimer]Ќовый Highlanderќт 3 635 000р.[<span style=""color: red;"">price</span>]ќт {value} в мес€ц [/<span style=""color: red;"">price</span>][disclaimer {""expansionClass"":""expansion-nav-primary-content medium-grey""}][/disclaimer]Land Cruiser Pradoќт 1 997 000р.[<span style=""color: red;"">price</span>]ќт {value} в мес€ц [/<span style=""color: red;"">price</span>][disclaimer {""expansionClass"":""expansion-nav-primary-content medium-grey""}][/disclaimer]Land Cruiser 200ќт 3 992 000р.[<span style=""color: red;"">price</span>]ќт {value} в мес€ц [/<span style=""color: red;"">price</span>][disclaimer {""expansionClass"":""expansion-nav-primary-content medium-grey""}][/disclaimer]Hiluxќт 2 018 000р.[<span style=""color: red;"">price</span>]ќт {value} в мес€ц [/<span style=""color: red;"">price</span>][disclaimer {""expansionClass"":""expansion-nav-primary-content medium-grey""}][/disclaimer]Alphardќт 3 578 000р.[<span style=""color: red;"">price</span>]ќт {value} в мес€ц [/<span style=""color: red;"">price</span>][disclaimer {""expansionClass"":""expansion-nav-primary-content medium-grey""}][/disclaimer]Ќовый Priusќт 2 112 000р.[<span style=""color: red;"">price</span>]ќт {value} в мес€ц [/<span style=""color: red;"">price</span>][disclaimer {""expansionClass"":""expansion-nav-primary-content medium-grey""}][/disclaimer]√ибридHiaceќт 2 387 000р.ѕоиск автомобилей с пробегом—истема экстренного реагировани€ онкурс детского рисункаѕосмотреть все специальные предложени€«апись на тест-драйвј ÷»» ќ“ƒ≈Ћј ѕ–ќƒј∆ј ÷»» —≈–¬»—јЌќ¬џ≈ ј¬“ќћќЅ»Ћ» ¬ ЌјЋ»„»»јвтомобили с пробегом«апишитесь на тест-драйв—лужба клиентской поддержки«апись на “ќ и ремонт«аказ запасных частейToyota в социальных сет€х—качать брошюру упить ToyotaЌовые автомобилијвтомобили с пробегом орпоративные продажи—пециальные предложени€ редитование и страхованиејвтокредитование редитный калькул€тор«а€вление на кредит—траховой калькул€торќ программе “ойота —трахование—ервис и аксессуары”слуги сервиса Toyota«аписатьс€ на “ќ«апасные части√аранти€—пециальные предложени€—ервисные кампаниијксессуарыќ компанииѕартнеры–еквизиты онтактыќбратна€ св€зь¬акансииЌаша командаЌовости и событи€—ервис и «апасные части«апасные части”слуги орпоративные продажи редитƒисконтна€ программа”слуги эвакуатораЋизинг—езонное хранение шин—трахование“акси дл€ клиентов«апись на тест-драйвTrade-inјксессуары редитћодельный р€д упить ToyotaЌовые автомобили орпоративные продажи—пециальные предложени€јвтомобили с пробегомѕоиск автомобилей с пробегомToyota Trade-inќцените ваш автомобиль«апишитесь на экспресс осмотрToyota TestedЅиблиотека моделей редитование и страхованиејвтокредитование редитный калькул€торќбмен кредитных автомобилей—траховой калькул€торќ программе “ойота —трахование—ервис и аксессуары√аранти€”слуги сервиса Toyota—пециальные предложени€«апасные частијксессуары""Ќедел€ ¬ашей мечты"" в “ойота ÷ентр јрхангельск—кидки на автомобили 2012 годаѕремьера сезона Ц Toyota Venza!¬есенний сервис “ойота! ƒаем старт весне!own_edit_content—ервис и аксессуары лиентска€ служба«апись на “ќ—пециальные —ервисные  ампании“ехническое обслуживание—пециальные предложени€—кидки на обслуживание—ервис -25%—тоимость “ќ√арантийный ремонтƒействие гарантииќграничение гарантийных об€зательств”слови€ гарантииЎинный отель “ойота¬есенний сервис “ойота—пециальные —ервисные  ампанииToyotaToyotaToyotaToyotaToyotaTrade-in в “÷ јрхангельскDocument MovedToyotaToyotaToyota объ€вл€ет ЂЌеделю ¬ашей мечты!їќ компанииќ компании Toyotaќ компании ""јксель-Ќорд""–уковод€щие принципы Toyota‘илософи€ Toyotaѕолитика социальной ответствености¬клад в устойчивое развитие онтакты онтакты јксель-Ќордќбратна€ св€зь¬акансииЌаша командаЌовости и событи€Ќовости јксель-Ќорд„итайте новости Toyota !Ётап ѕервенства –оссии по лыжным гонкамќбновленный Toyota RAV4 в продаже с 1 июн€ в јксель-Ќорде!ќдин из Ћучших дилеров Toyota в –оссии по результатам продаж.ќќќ Ђјксель-Ќордї поздравил двухтыс€чного клиента!ѕрезентаци€ Toyota Camry нового поколени€–оссийска€ Toyota Camry теперь и с 2,0-литровым двигателемToyota представила новую базовую версию кроссовера HighlanderTOYOTA RAV 4. —пециальное предложение на автомобили 2011 г.¬ыездной тест-драйв 12 июн€¬ыездной тест-драйв в ћирный¬ Ђј —≈Ћ№-Ќќ–ƒї стартовали продажи обновлЄнного Land Cruiser 200Ќовости ToyotaBMW и Toyota начинают работать над новым поколением батарейBMW поможет Toyota построить новый спорт-карЅританские журналисты на Toyota Avensis проехали 1,5 тыс€чи км на одном баке топлива√лавный инженер проекта Toyota GT 86 подтвердил выход родстераЌа российский рынок выходит минивэн Toyota AlphardЌа заводе FHI стартовала сборка спорт-каров Subaru BRZ и Toyota 86Ќачало продаж нового поколени€ Toyota Avensisќќќ Ђ“ойота ћоторї объ€вл€ет о вступлении в должность нового президента компанииЌачало продаж обновленной Toyota Camryќткрытие дилерского центра Toyota в  раснодаре.Ћето 2009 года в –оссии началось с Ђ«еленого мес€ца “ойотаїѕрограмма на автомобили “ойота јвенсис: специальна€ цена или кредит по ставке 6,5% годовых в рубл€х*Ќовое поколение Toyota Auris представ€т осенью в ѕариже. “еперь он будет ещЄ и гибриднымЌью-…орк 2012. Toyota представила новое поколени€ американского флагмана Avalonѕроизводство Toyota достигло отметки в 200 млн автомобилей–оссийска€ Toyota Camry теперь и с 2,0-литровым двигателем—амым продаваемым автомобилем в мире стал седан Toyota CorollaToyota 86 в тюнинге от WaldToyota будет продавать в японии недорогой двухместный электрокарToyota готовит к показу обновленную версию VenzaToyota GT 86 в ≈вропе будет на 10 тыс€ч евро дороже, чем в японииToyota Highlander и Toyota Land Cruiser Prado стали обладател€ми премии Ђ¬недорожник года 2011їToyota хочет продать в 2012 году более 9 млн машинToyota ищет возможность увеличить производство гибрида Aqua (Prius C)Toyota не будет разрабатывать дешевые моделиToyota обнародовала новые фото гибрида дл€ ∆еневыToyota обновила кроссовер VenzaToyota объ€вила российские цены на обновленный Land CruiserToyota представила новую базовую версию кроссовера HighlanderToyota представит новые полногибридные автомобили на ∆еневском автосалоне 2012Toyota Prius C обгон€ет по продажам Chevrolet Volt и Nissan LeafToyota разработала концепт игрушечного автомобил€Toyota разработала раллийный Yaris R1AToyota установила на седан Avalon гибридный приводToyota выпустила рестайлинговую версию универсала Avensis дл€ рынка японииToyota вложит в российский завод 2,7 млрд рублей¬интажна€ Toyota Tundra будет продана с аукциона¬ этом году Toyota значительно увеличит производство в –оссии¬ –оссии стартовали продажи обновленного Land Cruiser 200∆енева 2012. Toyota FT-Bh Ч необычный гибрид с расходом 2,1 л на 100 кмѕремьера сезона Ц Toyota Venza!Toyota Camry и Toyota Land Cruiser Prado признаны лучшими автомобил€ми 2012 года по версии –унетаToyota Camry. “ри повода осуществить мечту!Toyota RAV4 вновь получает звание бестселлера в своем сегменте“ойота ÷ентр јрхангельск и мэри€ јрхангельска с заботой о дет€х!“ойота ÷ентр јрхангельск объ€вл€ет о начале приема заказов на инновационный городской кроссовер Toyota Venza.ѕартнеры–еквизиты–еквизиты јксель-Ќорд”слугиFord Focus (2011) 1.6 MTFord Fusion (2006) 1.6 MTLexus RX 270 (2011) 2.7 ATMazda 3 (2008) 1.6 ATMitsubishi Colt (2007) 1.3 ATNissan X-Trail (2008) 2.5 ATOpel Astra H (2011) 1.6 MTSkoda Fabia (2010) 1.4 MTToyota Auris (2007) 1.6 ATToyota Land Cruiser 120 (Prado)Toyota LC Prado 150 (2011) 4.0 ATToyota Yaris (2006) 1.3 AT орпоративные продажи редитƒисконтна€ программаЋизинг—езонное хранение шинToyota Camry в  редит от 8,9%TOYOTA RAV 4. —пециальное предложение на автомобили 2011 г.—трахование«апись на тест-драйвTrade-in—лужба клиентский поддержкиѕодписка на новости редит—пециальные предложени€ по кузовному ремонту узовной ремонт«апчасти со скидкойЋетн€€ жара! Ѕезумные скидки!“ри повода осуществить мечту!Corolla - скидка 40 000 рублей на все комплектациијкци€! ќкраска элемента от 7 000 рублей!ќнлайн-сервисы«аписатьс€ на тест-драйвќцените ¬аш автомобиль«а€вка на кредит«аписатьс€ на “ќѕоделитьс€</div><br/>"
